Reference audio ID,Synthesized audio ID,Input text,Speaker ID,RTF,SECS,Transcription,WER
locutor2_audio_364,locutor2_audio_364_XTTS,La lluvia en la ventana y un buen libro son mi plan perfecto.,locutor2,1.0024639782984612,0.8519811, La lluvia en la ventana y un buen libro son mi plan perfecto.,0.0
locutor2_audio_15215_15216,locutor2_audio_15215_15216_XTTS,A veces me pregunto si los pájaros tienen reuniones secretas en los árboles.,locutor2,1.2362856383717389,0.90243137, A veces me pregunto si los pájaros tienen reuniones secretas en los árboles.,0.0
locutor2_audio_29797,locutor2_audio_29797_XTTS,Las risas de los niños en el parque resonaban como la banda sonora de la felicidad compartida.,locutor2,0.955233538854948,0.87565124," Las risas de los niños en el parque, resonaban como rabanda sonora de la felicidad compartida.",0.11764705882352941
locutor2_audio_7682,locutor2_audio_7682_XTTS,"La creatividad es contagiosa, pásala.",locutor2,0.588675939505356,0.81582, La creatividad es contagiosa. Pásala.,0.0
locutor2_audio_18383,locutor2_audio_18383_XTTS,"Hice una lista de tareas pendientes, pero la tarea más importante es ignorar la lista y relajarme.",locutor2,0.5733650863866815,0.86054754," Y se una lista de tareas pendientes, pero la tarea más importante es ignorar la lista y relajarme.",0.11764705882352941
locutor2_audio_69343_69344_69345_69346,locutor2_audio_69343_69344_69345_69346_XTTS,Intentando recordar la contraseña después de cambiarla: una historia de terror moderna.,locutor2,0.5774293338216938,0.92046285, intentando recordarla con traseña después de cambiarla una historia de terror moderna.,0.25
locutor2_audio_22842_22843,locutor2_audio_22842_22843_XTTS,"Con cada palabra escrita, la pluma dejaba un rastro de emociones en el papel, un diálogo silencioso entre el autor y sus pensamientos.",locutor2,0.5425439367324368,0.88266635," Con cada palabra escrita, la pluma dejaba un rastro de emociones en el papel. Un diálogo silencioso entre el autor y sus pensamientos.",0.0
locutor2_audio_23189,locutor2_audio_23189_XTTS,"Estar en las nubes es normal de vez en cuando, pero hay que bajar a la Tierra.",locutor2,0.5822484657150441,0.8540199," estar en las nubes es normal de vez en cuando, pero hay que bajar a la tierra, que ante un mundío mosticate o no es parte, cada o un puerto del orbún nuticente que estichó tiempo un braper si ordofértoro fersigotien, no",1.4705882352941178
locutor2_audio_52122_52123,locutor2_audio_52122_52123_XTTS,"La risa es el mejor remedio, especialmente cuando intentas recordar dónde dejaste las llaves del coche.",locutor2,0.5709923432754913,0.87123203," La risa es el mejor remedio, especialmente cuando intentas recordar donde dejaste las llaves del coche.",0.0625
locutor2_audio_60436,locutor2_audio_60436_XTTS,"En el bullicio de la ciudad, encontré la paz en el susurro de las hojas de los árboles.",locutor2,0.6437562234755072,0.8291561," en el bujicio de la ciudad, encontré la paz en el susurro de las hojas de los árboles.",0.05555555555555555
locutor2_audio_25186,locutor2_audio_25186_XTTS,"El sonido de tacones resonaba en el vestíbulo, anunciando la llegada de alguien cuya presencia prometía intriga.",locutor2,0.5383656800818593,0.9112275," El sonido de tacones resonaba en el vestíbulo, anunciando la llevada de alguien cuya presencia prometía intrida.",0.11764705882352941
locutor2_audio_65434,locutor2_audio_65434_XTTS,"La vida es corta, sonríele a quien lloras, ignora a quien te critica y sé feliz con quien te importa.",locutor2,0.6235813483701699,0.8829689," La vida es corta, sonríele a quien lloras, ignora a quien te critica y se feliz con quien te importa.",0.05
locutor2_audio_65074,locutor2_audio_65074_XTTS,"Cuando enfrentamos desafíos, no solo descubrimos nuestra fuerza interior, sino también la capacidad de superar cualquier adversidad.",locutor2,0.5499768844284163,0.91172945," Cuando enfrentamos desafíos, no solo descubrimos nuestra fuerza interior, sino también la capacidad de superar cualquier adversidad.",0.0
locutor2_audio_3231_3232,locutor2_audio_3231_3232_XTTS,"Si no puedes hacer grandes cosas, haz cosas pequeñas de una forma grandiosa.",locutor2,0.6253857932732625,0.84458935," sino puedes hacer grandes cosas, ascozas pequeñas de una forma grandiosa.",0.3076923076923077
locutor2_audio_29515_29516,locutor2_audio_29515_29516_XTTS,El calor del sol acariciaba la piel durante un día de verano en el campo.,locutor2,0.6678293764642043,0.83585995, El calor del sol acariciaba la piel durante un día de verano en el campo.,0.0
locutor2_audio_66149,locutor2_audio_66149_XTTS,No temas a los cambios; a menudo son el preludio de algo grandioso.,locutor2,0.5578146753434917,0.8778497," No temas a los cambios. A menudo, son el preludio de algo grandioso.",0.0
locutor2_audio_6861,locutor2_audio_6861_XTTS,"Las calles empedradas resonaban con el eco de pasos solitarios, cada uno contando una historia no dicha.",locutor2,0.5490693260971512,0.85719764," Las calles empedradas resonaban con el eco de pasos solitarios, cada uno contando una historia no dicha.",0.0
locutor2_audio_45010,locutor2_audio_45010_XTTS,"Si algo es complicado, se dice que es un lío. ¡Menudo lío se ha montado!",locutor2,0.6433569884281338,0.8085433," Si algo es complicado, se dice que es un lío. Menudo lío se ha montado.",0.0
locutor2_audio_59302_59303,locutor2_audio_59302_59303_XTTS,La mejor parte de la mañana es ese primer sorbo de café.,locutor2,0.5453228032093018,0.84869474, ¿La mejor parte de la mañana es ese primer sorbo de Tafé?,0.08333333333333333
locutor2_audio_8772_8773,locutor2_audio_8772_8773_XTTS,La amistad es como una flor; cuidarla y regarla la hace florecer aún más hermosa.,locutor2,0.5441596013845947,0.87232697," La amistades como una flor, cuidarla y regarla la hace florecer aún más hermosa.",0.13333333333333333
locutor1_audio_42328_42329,locutor1_audio_42328_42329_XTTS,"Bajo el farol antiguo, se encontraron, dos extraños destinados a cruzar sus caminos en el laberinto de la existencia.",locutor1,0.5824594468259244,0.89595914," bajo el farol antiguo, se encontraron, dos extraños destinados a cruzar sus caminos en el laberinto de la existencia.",0.0
locutor1_audio_5807,locutor1_audio_5807_XTTS,Caminar descalzo sobre la arena es como conectar con la tierra misma. Cada grano cuenta una historia diferente bajo nuestros pies.,locutor1,0.5728029878394315,0.9075893, Caminar descalzo sobre la arena es como conectar con la tierra misma. Cada gran o cuenta una historia diferente bajo nuestros pies.,0.09523809523809523
locutor1_audio_9352,locutor1_audio_9352_XTTS,La paz interior es el regalo más preciado que puedes darte a ti mismo.,locutor1,0.5585915347710319,0.73073995, La paz interior es el regalo mas preciado que puedes darte a ti mismo.,0.07142857142857142
locutor1_audio_47636_47637,locutor1_audio_47636_47637_XTTS,"Las olas del mar susurraban cuentos antiguos a la orilla, mientras la luna observaba en silencio desde su trono celestial.",locutor1,0.6536450108627124,0.87194896," Las olas del mar susurraban cuentos antiguos a la orilla, mientras la luna observaba en silencio desde su trono celestial.",0.0
locutor1_audio_33442,locutor1_audio_33442_XTTS,El amor propio es el punto de partida para construir relaciones saludables y significativas con los demás.,locutor1,0.5401722134524302,0.84559," El amor propios el punto de partida, para construir relaciones saludables y significativas con los demás.",0.11764705882352941
locutor1_audio_36237_36238_36239_36240,locutor1_audio_36237_36238_36239_36240_XTTS,"La vida sería mucho más aburrida sin esos momentos inesperados de alegría, como encontrar dinero en un bolsillo olvidado.",locutor1,0.6407118084478628,0.8840261," La vida sería mucho más aburrida sin esos momentos inesperados de alegría, como encontrar dinero en un bolsillo olvidado.",0.0
locutor1_audio_25082,locutor1_audio_25082_XTTS,"Creo que he alcanzado un nuevo nivel de procrastinación, pero no me importa en absoluto.",locutor1,0.5563649995200481,0.8500385," Creo que he alcanzado un nuevo nivel de procrastinación, pero no me importa en absoluto.",0.0
locutor1_audio_36945,locutor1_audio_36945_XTTS,"Si algo es complicado, se dice que es un lío. ¡Menudo lío se ha montado!",locutor1,0.5450093841594558,0.8555152," Si algo es complicado, se dice que es un lío. Menudo lío se ha montado.",0.0
locutor1_audio_37754_37755,locutor1_audio_37754_37755_XTTS,La vida es corta. Come postre primero.,locutor1,0.6292428670266556,0.83469653," La vida es corta, come postre primero.",0.0
locutor1_audio_17238_17239_17240_17241,locutor1_audio_17238_17239_17240_17241_XTTS,"No hay barrera, cerradura ni cerrojo que puedas imponer a la libertad de mi mente.",locutor1,0.6526858520655879,0.88929844," No hay barrera, cerradura ni cerrojo, que puedas imponer a la libertad de mi mente.",0.0
locutor1_audio_36838,locutor1_audio_36838_XTTS,"El caos de mi escritorio refleja la complejidad de mis pensamientos. Aunque siempre sé dónde está todo, incluso si parece un desastre para los demás.",locutor1,0.5439255950195763,0.90630984," El caos de mi escritorio refleja la complejidad de mis pensamientos, aunque siempre sé dónde está todo, incluso si parece un desastre para los demás.",0.0
locutor1_audio_40372,locutor1_audio_40372_XTTS,Las charlas en la esquina del café revelaban los encuentros casuales que dan color a la vida urbana.,locutor1,0.5984908169716242,0.89908785, Las charlas en la esquina del café revelaban los encuentros casuales que dan color a la vida urbana.,0.0
locutor1_audio_33030,locutor1_audio_33030_XTTS,El sonido de las olas besando la orilla es una sinfonía que calma incluso las tormentas internas más agitadas.,locutor1,0.5483536623101342,0.83646643," El sonido de las olas besando la orilla, es una sinfonía que calma incluso las tormentas internas más agitadas.",0.0
locutor1_audio_29241,locutor1_audio_29241_XTTS,"La inteligencia artificial es una herramienta poderosa, pero su verdadero valor radica en cómo la utilizamos para mejorar la vida humana.",locutor1,0.5387147863888759,0.8705429," La inteligencia artificial es una herramienta poderosa, pero su verdadero valor radica en cómo la utilizamos para mejorar la vida humana.",0.0
locutor1_audio_45678_45679,locutor1_audio_45678_45679_XTTS,Cada día es una nueva página en tu historia. Escribe una buena.,locutor1,0.6746493562538425,0.8396796, Cada día es una nueva página en tu historia. Escribe una buena.,0.0
locutor1_audio_48613,locutor1_audio_48613_XTTS,La música es una compañera leal en el viaje de la vida. Cada melodía es una nota que nos guía a través de las emociones humanas.,locutor1,0.5365362431428015,0.81287706, La música es una compañera leal en el viaje de la vida. Cada melodía es una nota que nos guía a través de las emociones humanas.,0.0
locutor1_audio_49706,locutor1_audio_49706_XTTS,Explora el mundo con ojos curiosos y descubrirás maravillas en cada rincón.,locutor1,0.5688571823079592,0.84242713, Explora el mundo con ojos curiosos y descubrirás maravillas en cada rincón.,0.0
locutor1_audio_1375,locutor1_audio_1375_XTTS,"Estar en las nubes es normal de vez en cuando, pero hay que bajar a la Tierra.",locutor1,0.6070107256306576,0.85946643, estar en las nubes es normal de vez en cuando. Pero hay que bajar a la tierra.,0.0
locutor1_audio_33080,locutor1_audio_33080_XTTS,"La cocina es un laboratorio donde los ingredientes se transforman en obras maestras de sabor, y cada receta es un viaje culinario que deleita los sentidos.",locutor1,0.5458952454930643,0.8313388," La cocina es un laboratorio donde los ingredientes se transforman en obras maestras de sabor, y cada receta es un viaje culinario que deleita los sentidos.",0.0
locutor1_audio_24044,locutor1_audio_24044_XTTS,No esperes a tener todo listo para disfrutar tu viaje.,locutor1,0.6200818180826414,0.87735915, No esperes a tener todo listo para disfrutar tu viaje.,0.0
locutor4_audio_32765,locutor4_audio_32765_XTTS,"En este vasto universo, cada uno de nosotros es solo una pequeña chispa, pero juntos podemos iluminar el cielo nocturno.",locutor4,0.5784418644049228,0.90568876," En este basto universo, cada uno de nosotros es solo una pequeña chispa, pero juntos podemos iluminar el cielo nocturno punto.",0.1
locutor4_audio_59494,locutor4_audio_59494_XTTS,"La tecnología y yo tenemos una relación complicada. A veces me hace sentir inteligente, y otras veces, completamente desconcertado.",locutor4,0.5397222358000331,0.8507175, La tecnología y yo tenemos una relación complicada. A veces me hace sentir inteligente y otras veces completamente desconcertado.,0.0
locutor4_audio_38051,locutor4_audio_38051_XTTS,Gracias por estar aquí.,locutor4,0.7564897645567318,0.8321264, Gracias por estar aquí.,0.0
locutor4_audio_67254,locutor4_audio_67254_XTTS,La vida es un viaje que debe ser vivido con valentía y curiosidad. Cada día presenta nuevas oportunidades para crecer y aprender.,locutor4,0.5730867931444531,0.90721154, La vida es un viaje que debe ser vivido con valentía y curiosidad. Cada día presenta nuevas oportunidades para crecer y aprender.,0.0
locutor4_audio_39210,locutor4_audio_39210_XTTS,"La felicidad se encuentra en las pequeñas cosas, como ese primer sorbo de café por la mañana o el olor a tierra después de la lluvia.",locutor4,0.5854962973583583,0.8550284," La felicidad se encuentra en las pequeñas cosas, como ese primer sorbo de café por la mañana, o el olor a tierra después de la lluvia.",0.0
locutor4_audio_55121,locutor4_audio_55121_XTTS,"El perdón es un regalo que nos damos a nosotros mismos, liberándonos de las cadenas del resentimiento y permitiéndonos avanzar con ligereza hacia un futuro más luminoso.",locutor4,0.6198479106887874,0.8425351," El perdón es un regalo que nos damos a nosotros mismos, liberándonos de las cadenas del resentimiento y permitiéndonos avanzar con ligereza hacia un futuro más luminoso.",0.0
locutor4_audio_56236,locutor4_audio_56236_XTTS,"El aroma del café flotaba en el aire, tejiendo recuerdos de conversaciones compartidas y miradas cómplices.",locutor4,0.5477498313226147,0.81995916," El aroma del café flotaba en el aire, tejiendo recuerdos de conversaciones compartidas y miradas cómplices.",0.0
locutor4_audio_67617,locutor4_audio_67617_XTTS,"Ey, ¿alguna vez te has preguntado por qué las pizzas redondas vienen en cajas cuadradas? Es como, un misterio del universo, ¿no?",locutor4,0.6085768932873247,0.88092333," ¿Ei, alguna vez te has preguntado por qué las pizza redondas vienen en cajas cuadradas? Es como un misterio del universo ¿no?",0.09090909090909091
locutor4_audio_70617,locutor4_audio_70617_XTTS,"Los recuerdos son tesoros que atesoramos en el cofre de nuestra mente, cada uno contando una historia única de nuestras travesías por la vida.",locutor4,0.5338333489852111,0.8519058," Los recuerdos son tesoros que atesoramos en el cofre de nuestra mente, cada uno contando una historia única de nuestras travesías por la vida.",0.0
locutor4_audio_65875_65876,locutor4_audio_65875_65876_XTTS,La verdadera grandeza se encuentra en la generosidad y el servicio a los demás.,locutor4,0.5381658327192486,0.8139681, La verdadera grandeza se encuentra en la generosidad y el servicio a los demás.,0.0
locutor4_audio_28676,locutor4_audio_28676_XTTS,"En la sinfonía de la naturaleza, el viento acaricia las hojas como músico talentoso, las olas bailan en el compás del mar y los pájaros componen melodías al vuelo.",locutor4,0.5772551660259881,0.91880256," En la sinfonía de la naturaleza, el viento acaricia las hojas como músico talentoso, las olas bailan en el compás del mar y los pájaros componen melodías al vuelo, ponme ti.",0.06896551724137931
locutor4_audio_32740_32741,locutor4_audio_32740_32741_XTTS,"La inteligencia artificial es una herramienta poderosa, pero su verdadero valor radica en cómo la utilizamos para mejorar la vida humana.",locutor4,0.6168635791967466,0.8654295," La inteligencia artificial es una herramienta poderosa, pero su verdadero valor radica en cómo la utilizamos para mejorar la vida humana.",0.0
locutor4_audio_72447,locutor4_audio_72447_XTTS,"La risa es el idioma universal que conecta corazones y almas, recordándonos que la felicidad es una expresión que todos entendemos.",locutor4,0.5389465605507788,0.83159727, La Risa es el idioma universal que conecta corazones y almas. Recordándonos que la felicidad es una expresión que todos entendemos.,0.0
locutor4_audio_57986,locutor4_audio_57986_XTTS,"Cuando nada es seguro, todo es posible.",locutor4,0.5652794722713419,0.7877135," Cuando nada es seguro, todo es posible.",0.0
locutor4_audio_79807,locutor4_audio_79807_XTTS,"No tienes que ser positivo todo el tiempo. Es perfectamente normal sentirse triste, enojado, disgustado. Emociones son señales de que eres humano.",locutor4,0.6059619165602954,0.90173304," No tienes que ser positivo todo el tiempo. Es perfectamente normal sentirse triste, enojado, disgustado. Emociones son señales de que eres humano.",0.0
locutor4_audio_27800_27801,locutor4_audio_27800_27801_XTTS,Nunca es tarde para empezar de nuevo.,locutor4,0.5915737739578654,0.85897005, nunca estar de para empezar de nuevo.,0.2857142857142857
locutor4_audio_64111,locutor4_audio_64111_XTTS,"¡Hola, mi gente! ¿Qué se traen entre manos?",locutor4,0.5682716265148458,0.62050974," Hola, mi gente. ¿Qué se trae en entre manos?",0.25
locutor4_audio_78962,locutor4_audio_78962_XTTS,"Vive la vida con intensidad, no con prisa.",locutor4,0.5623064830974287,0.84480715, vive la vida con intensidad. No comprisa.,0.25
locutor4_audio_76139_76140,locutor4_audio_76139_76140_XTTS,Destacamos las iniciativas sociales y solidarias que buscan mejorar la calidad de vida de comunidades menos favorecidas.,locutor4,0.6075035204021738,0.9124105, destacamos las iniciativas sociales y solidarias que buscan mejorar la calidad de vida de comunidades menos favorecidas.,0.0
locutor4_audio_30485,locutor4_audio_30485_XTTS,La colaboración y el trabajo en equipo multiplican la fuerza y la creatividad individual.,locutor4,0.5673242609475305,0.90902025, La colaboración y el trabajo en equipo multiplican la fuerza y la creatividad individual.,0.0
locutor5_audio_119207,locutor5_audio_119207_XTTS,Cada día es una nueva aventura.,locutor5,0.5621522145819581,0.74421513, Cada día es una nueva aventura.,0.0
locutor5_audio_99936_99937,locutor5_audio_99936_99937_XTTS,"Hacemos un seguimiento de las últimas cifras de la pandemia, destacando las medidas tomadas para frenar la propagación del virus.",locutor5,0.550236029613795,0.88749117," Hacemos un seguimiento de las últimas cifras de la pandemia, destacando las medidas tomadas para frenar la propagación del virus.",0.0
locutor5_audio_12839,locutor5_audio_12839_XTTS,La música es una compañera leal en el viaje de la vida. Cada melodía es una nota que nos guía a través de las emociones humanas.,locutor5,0.6182571428762057,0.81501883, La música es una compañera leal en el viaje de la vida. Cada melodía es una nota que nos guía a través de las emociones humanas.,0.0
locutor5_audio_53984,locutor5_audio_53984_XTTS,"Hoy intenté ser adulto responsable, pero la nevera vacía y mi amor por las galletas me ganaron. ¡Al menos sé que mi niño interior está bien alimentado!",locutor5,0.5444111987617646,0.82818615," Hoy intenté ser adulto responsable, pero la nevera vacía y mi amor por las galletas me ganaron. Al menos sé que mi niño interior está bien alimentado.",0.0
locutor5_audio_43643_43644_43645,locutor5_audio_43643_43644_43645_XTTS,"Los sueños son estrellas fugaces en la bóveda celeste de nuestra imaginación, guiándonos hacia horizontes inexplorados llenos de posibilidades infinitas.",locutor5,0.6104636177917755,0.88612664," Los sueños son estrellas fugaces en la bóveda celeste de nuestra imaginación, lliándonos hacia horizontes inexplorados llenos de posibilidades infinitas.",0.05
locutor5_audio_34451,locutor5_audio_34451_XTTS,"En la oficina, el sonido de teclados y teléfonos creaba una sinfonía moderna de productividad.",locutor5,0.559980490172708,0.8874784," En la oficina, el sonido de teclados y teléfonos creaba una sinfonía moderna de productividad.",0.0
locutor5_audio_51836,locutor5_audio_51836_XTTS,"Oye, ¿te cuento un secreto? A veces creo que las nubes son como los sueños: cambian de forma pero siempre están ahí.",locutor5,0.5869659433998452,0.8789618," Oye, te cuento un secreto? A veces creo que las nubes son como los sueños. Cambian de forma, pero siempre están ahí.",0.0
locutor5_audio_72303,locutor5_audio_72303_XTTS,Las historias que contamos son como estrellas en el cielo nocturno. Cada una tiene su propio brillo y belleza única.,locutor5,0.56764251827576,0.84821343, Las historias que contamos son como estrellas en el cielo nocturno. Cada una tiene su propio brillo y belleza única.,0.0
locutor5_audio_90154,locutor5_audio_90154_XTTS,"¡Qué lástima! Bueno, a veces la vida es un desmadre, pero hay que echarle ganas.",locutor5,0.6196031750896959,0.67190313," que el lástima. Bueno, a veces la vida es un desmabre, pero hay que echarle ganas.",0.2
locutor5_audio_88992_88993_88994,locutor5_audio_88992_88993_88994_XTTS,La risa es el mejor remedio para el alma cansada. Encuentra razones para reír todos los días.,locutor5,0.5536516563637467,0.88938546, La risa es el mejor remedio para el alma cansada. Encuentra razones para reír todos los días.,0.0
locutor5_audio_15553,locutor5_audio_15553_XTTS,"La aventura aguarda en cada esquina, ya sea en las páginas de un libro, en un rincón desconocido del mundo o en el corazón de una nueva experiencia.",locutor5,0.6121538312878118,0.7700902," La aventura aguarda en Cala Esquina, ya sea en las páginas de un libro, en un rincón desconocido del mundo, o en el corazón de una nueva experiencia.",0.03571428571428571
locutor5_audio_57868,locutor5_audio_57868_XTTS,"Cuando algo es muy divertido, se dice que es la bomba. ¡Estuvo la bomba!",locutor5,0.5817988383797762,0.808729," Cuando algo es muy divertido, se dice que es la bomba. Estuvo la bomba.",0.0
locutor5_audio_121895,locutor5_audio_121895_XTTS,"La inteligencia artificial puede mejorar la eficiencia, pero es la inteligencia humana la que da forma a un mundo lleno de significado.",locutor5,0.6292872064281717,0.89785075," La inteligencia artificial puede mejorar la eficiencia, pero es la inteligencia humana la que da forma a un mundo lleno de significado.",0.0
locutor5_audio_120467,locutor5_audio_120467_XTTS,Todavía no entiendo por qué las cosas siempre desaparecen cuando más las necesitas.,locutor5,0.6693707379999331,0.8495097, todavía no entiendo por qué las cosas siempre desaparecen cuando más las necesitas.,0.0
locutor5_audio_18826,locutor5_audio_18826_XTTS,La siesta es como una mini vacación en medio del día. Siempre me pregunto por qué no instituimos siestas obligatorias en el trabajo.,locutor5,0.5466657226904849,0.8891636, La siesta es como una minivaccación en medio del día. Siempre me pregunto por qué no instituimos si estas obligatorias en el trabajo.,0.17391304347826086
locutor5_audio_28927,locutor5_audio_28927_XTTS,"Cerré los ojos y dejé que la música me llevara a lugares lejanos, donde los sueños se vuelven realidad.",locutor5,0.595036134000488,0.9237811," Cerre los ojos y dejé que la música me llevara a lugares lejanos, donde los sueños se vuelven realidad.",0.05263157894736842
locutor5_audio_97785_97786_97787_97788,locutor5_audio_97785_97786_97787_97788_XTTS,La anciana del parque tejía recuerdos en su bufanda mientras el viento llevaba fragmentos de su vida hacia el horizonte.,locutor5,0.5960656611435571,0.8914914, La anciana del Parque tejía recuerdo en su bufanda mientras el viento llevaba fragmentos de su vida hacia el horizonte.,0.05
locutor5_audio_82537,locutor5_audio_82537_XTTS,La vida sería mucho más sencilla si mi despertador tuviera una opción de 'cinco minutos más y te traigo café'. ☕⏰,locutor5,0.5519721804251471,0.81439763," La vida sería mucho más sencilla, si mi despertador tuviera una opción de... 5 minutos más y te traigo café.",0.09523809523809523
locutor5_audio_3794,locutor5_audio_3794_XTTS,La imaginación es el lienzo donde los sueños toman vida.,locutor5,0.6119181054289234,0.832843, La imaginación es el lienzo donde los sueños toman vida. Dey.,0.1
locutor5_audio_90518_90519,locutor5_audio_90518_90519_XTTS,"El eco de las risas resuena en el viento, recordándonos que la felicidad es una melodía compartida que se expande cuando la compartimos con otros.",locutor5,0.5595541290916155,0.85428894," El eco de las risas resuena en el viento, recordándonos que la felicidad es una melodía compartida que se expande cuando la compartimos con otros.",0.0
locutor3_audio_14429,locutor3_audio_14429_XTTS,¡Vamos a explorar el mundo!,locutor3,0.6069780673951504,0.7550912, Vamos a explorar el mundo.,0.0
locutor3_audio_7202,locutor3_audio_7202_XTTS,"Estar en las mismas es difícil de evitar, pero se intenta.",locutor3,0.6509905769711449,0.9058814," estar en las mismas es difícil de evitar, pero se intenta. ¡Pomla!",0.09090909090909091
locutor3_audio_7251,locutor3_audio_7251_XTTS,Probé hacer ejercicio en casa hoy y ahora me pregunto por qué no lo intenté antes.,locutor3,0.5560188257458001,0.9117224, Provea ser ejercicio en casa hoy. Y ahora me pregunto por qué no lo intenté antes.,0.125
locutor3_audio_10745,locutor3_audio_10745_XTTS,"El caos de mi escritorio refleja la complejidad de mis pensamientos. Aunque siempre sé dónde está todo, incluso si parece un desastre para los demás.",locutor3,0.5529241974995517,0.8975433," El caos de mi escritorio refleja la complejidad de mis pensamientos, aunque siempre sé dónde está todo, incluso si parece un desastre para los demás.",0.0
locutor3_audio_6538,locutor3_audio_6538_XTTS,"La vida no es esperar a que pase la tormenta, sino aprender a bailar bajo la lluvia.",locutor3,0.6856751770147788,0.9060409," La vida no es esperar a que pase la tormenta, sino aprender a bailar bajo la lluvia.",0.0
locutor3_audio_11229,locutor3_audio_11229_XTTS,"Bajo las estrellas, las historias ancestrales cobraron vida, tejidas en la inmensidad del universo.",locutor3,0.5770849489077493,0.90531266," bajo las estrellas, las historias ancestrales cobraron vida, tejidas en la inmensidad del universo.",0.0
locutor3_audio_996,locutor3_audio_996_XTTS,"En el rincón polvoriento de la librería de segunda mano, encontró un diario antiguo lleno de cartas de amor perdidas en el tiempo.",locutor3,0.621123705739401,0.8500118," En el rincón Paul Boriento de la Libreía de Segunda Mano, encontró un diario antiguo lleno de cartas de amor perdidas en el tiempo.",0.13043478260869565
locutor3_audio_17280,locutor3_audio_17280_XTTS,La música tiene el poder de transportarnos a diferentes lugares y momentos. Es como un billete mágico para un viaje emocional.,locutor3,0.594459310773037,0.8606116, La música tiene el poder de transportarnos a diferentes lugares y momentos. Es como un billete mágico para un viaje emocional.,0.0
locutor3_audio_16991,locutor3_audio_16991_XTTS,"El eco lejano de una guitarra callejera se mezclaba con el bullicio urbano, creando una sinfonía improvisada en las calles transitadas.",locutor3,0.5795321515134547,0.8572216," El ecolejano de una guitarra callejera se mezclaba con el bullicio urbano, creando una sinfonía improvisada en las calles transitadas.",0.09523809523809523
locutor3_audio_4268,locutor3_audio_4268_XTTS,El éxito es la suma de pequeños esfuerzos repetidos día tras día.,locutor3,0.7961555009963996,0.8990741," El éxito es la suma de pequeños esfuerzos repetidos, día tras día.",0.0
locutor3_audio_9253,locutor3_audio_9253_XTTS,"La paciencia es una virtud que a veces olvido, pero siempre me recuerda que las cosas más hermosas toman tiempo para desarrollarse.",locutor3,0.5649611405052115,0.9222385, La paciencia es una virtud que a veces olvido. Pero siempre me recuerda que las cosas más hermosas toman tiempo para desarrollarse.,0.0
locutor3_audio_8704,locutor3_audio_8704_XTTS,"A veces, la clave para la felicidad radica en aprender a bailar bajo la lluvia en lugar de esperar a que pase la tormenta.",locutor3,0.6420854812645685,0.885681," A veces, la clave para la felicidad radica en aprender a bailar bajo la lluvia, en lugar de esperar a que pase la tormenta.",0.0
locutor3_audio_14452,locutor3_audio_14452_XTTS,"El perdón no excusa el comportamiento, pero libera al que perdona de la carga del resentimiento.",locutor3,0.6264070886202716,0.84073305," El perdón no excusa el comportamiento, pero libera al que perdona de la carga del resentimiento.",0.0
locutor3_audio_3541,locutor3_audio_3541_XTTS,A veces me pregunto si las plantas me extrañan cuando me voy de vacaciones.,locutor3,0.5937637765462758,0.8952678, A veces me pregunto si las plantas me extrañen cuando me voy de vacaciones.,0.07142857142857142
locutor3_audio_15992,locutor3_audio_15992_XTTS,"Hoy es un regalo, por eso se llama presente.",locutor3,0.6704543105483435,0.8420506," Hoy es un regalo, por eso se llama presente.",0.0
locutor3_audio_17858,locutor3_audio_17858_XTTS,"Mi superpoder secreto es recordar nombres de canciones, pero olvidar por qué entré a una habitación.",locutor3,0.6410259614016284,0.83082104," ni superpoder secreto es recordar nombres de canciones, pero olvidar por qué entre a una habitación.",0.125
locutor3_audio_1503,locutor3_audio_1503_XTTS,"En el café con aroma a tinta fresca, las páginas de un nuevo libro esperaban ansiosas ser exploradas por mentes curiosas.",locutor3,0.6113727219876275,0.86526895," En el café con aroma atinta fresca, las páginas de un nuevo libro esperaban ansiosas ser exploradas por mentes curiosas.",0.09523809523809523
locutor3_audio_9821,locutor3_audio_9821_XTTS,"Las calles empedradas resonaban con el eco de pasos solitarios, cada uno contando una historia no dicha.",locutor3,0.693220351895238,0.59654665," Las calles empedradas, resonaban con el eco de pasos solitarios, cada uno contando una historia no dicha.",0.0
locutor3_audio_5234,locutor3_audio_5234_XTTS,"En el rincón del jardín, las flores bailaban con la brisa, celebrando la belleza efímera de la naturaleza.Hoy me levanté con una pila de tareas y una taza de café que no se acaba nunca.",locutor3,0.6146081730894098,0.91872334," En el rincón del jardín, las flores bailaban con la brisa, celebrando la belleza efímera de la naturaleza. Hoy me levanté con una pila de tareas y una taza de café que no se acaban nunca.",0.08571428571428572
locutor3_audio_3877,locutor3_audio_3877_XTTS,"El éxito no es la clave de la felicidad. La felicidad es la clave del éxito. Si amas lo que haces, tendrás éxito.",locutor3,0.6985805833906176,0.8920364, El éxito no es la clave de la felicidad. La felicidad es la clave del éxito. Si amas lo que haces tendrás éxito.,0.0
locutor3_audio_5247,locutor3_audio_5247_XTTS,"El perdón no excusa el comportamiento, pero libera al que perdona de la carga del resentimiento.",locutor3,0.6449328712795092,0.89814126," El perdón no excusa el comportamiento, pero libera al que perdona de la carga del resentimiento.",0.0
locutor3_audio_14894,locutor3_audio_14894_XTTS,El meme que acabo de ver en internet resume mi vida mejor que yo mismo.,locutor3,0.7547975030098956,0.8571764, El meme que acabo de ver en internet resume mi vida mejor que yo mismo.,0.0
locutor3_audio_8956,locutor3_audio_8956_XTTS,"¡Qué pena! Pero bueno, la vida es corta, así que hay que recomponerse y darlo todo.",locutor3,0.7078321406488173,0.92670894," ¿Qué pena? Pero bueno, la vida es corta. Así que hay que recomponerse y darlo todo.",0.0
locutor3_audio_7375,locutor3_audio_7375_XTTS,¿Alguien más se siente como si el viernes debería ser parte del fin de semana?,locutor3,0.6425071116349838,0.9290544, ¿Alguien más se siente como si el viernes debería ser parte del fin de semana?,0.0
locutor3_audio_15519,locutor3_audio_15519_XTTS,"A medida que el reloj avanzaba, las sombras en la pared contaban la historia de un día que se desvanecía en la oscuridad.",locutor3,0.618942092290674,0.7307075," A medida que el reloj avanzaba, las sombras en la pared contaban la historia de un día que se desbanecían la oscuridad.",0.08695652173913043
locutor3_audio_8167,locutor3_audio_8167_XTTS,"En el rincón del jardín, las flores bailaban con la brisa, celebrando la belleza efímera de la naturaleza.Hoy me levanté con una pila de tareas y una taza de café que no se acaba nunca.",locutor3,0.6299858432492085,0.84603846," En el rincón del jardín, las flores bailaban con la brisa, celebrando la belleza efímera de la naturaleza. Hoy me levanté con una pila de tareas y una taza de café que no se acaban nunca.",0.08571428571428572
locutor3_audio_12232,locutor3_audio_12232_XTTS,"Cuando se va el internet, es como si te lo quitaran todo. Tienes que aprender a sobrevivir.",locutor3,0.7088759618615408,0.8695499, Cuando se va el internet es como si te lo quitaran todo. Tienes que aprender a sobrevivir.,0.0
locutor3_audio_8358,locutor3_audio_8358_XTTS,Las mejores lecciones de vida a menudo se aprenden a través de la adversidad y los desafíos.,locutor3,0.6332896804608955,0.9082343, Las mejores lecciones de vida a menudo se aprenden a través de la adversidad y los desafíos.,0.0
locutor3_audio_9343,locutor3_audio_9343_XTTS,¡Felicidades por tus logros!,locutor3,0.7035236854057807,0.7579236, Felicidades por tus labros.,0.25
locutor3_audio_2860,locutor3_audio_2860_XTTS,"A veces me pregunto si las plantas piensan en nosotros. Tal vez cuando hablamos con ellas, están diciendo 'aquí viene ese humano de nuevo'.",locutor3,0.642047776510355,0.878224," A veces me pregunto si las plantas piensan en nosotros. Tal vez cuando hablamos con ellas, están diciendo, aquí viene ese humano de nuevo.",0.0
locutor3_audio_10945,locutor3_audio_10945_XTTS,"En el supermercado, el bullicio de carros y conversaciones creaba un telón de fondo para la vida cotidiana.",locutor3,0.6434054048020368,0.8803555," En el supermercado, el bullicio de carros y conversaciones creaba un telón de fondo para la vida cotidiana.",0.0
locutor3_audio_15142,locutor3_audio_15142_XTTS,"En el ámbito deportivo, repasamos los resultados y momentos destacados de la jornada en diversas disciplinas.",locutor3,0.5994152454829099,0.86510754," En el ámbito deportivo, repasamos los resultados y momentos destacados de la jornada en diversas disciplinas.",0.0
locutor3_audio_9728,locutor3_audio_9728_XTTS,"El aroma del café recién preparado llenó la habitación, despertando todos los sentidos.",locutor3,0.7580851907719178,0.9027549," El aroma del café recién preparado llenó la habitación, despertando todos los sentidos.",0.0
locutor3_audio_14218,locutor3_audio_14218_XTTS,A veces creo que mi gato es un filósofo disfrazado. Siempre tiene esa mirada reflexiva como si estuviera contemplando el sentido de la vida.,locutor3,0.6264185988336697,0.85342216," A veces creo que mi gato es un filósofo disfrazado. Siempre tiene esa mirada reflexiva, como si estuviera contemplando el sentido de la vida.",0.0
locutor3_audio_16810,locutor3_audio_16810_XTTS,Sé la razón por la que alguien sonríe hoy.,locutor3,0.6513892348043799,0.8399869, Se la razón por la que alguien sonríe hoy.,0.1111111111111111
locutor3_audio_4592,locutor3_audio_4592_XTTS,"En el supermercado, el bullicio de carros y conversaciones creaba un telón de fondo para la vida cotidiana.",locutor3,0.6785506461959214,0.8721113," En el supermercado, el bullicio de Carros y conversaciones creaba un telón de fondo para la vida cotidiana.",0.0
locutor3_audio_12109,locutor3_audio_12109_XTTS,¿Han probado esa nueva heladería? ¡Es espectacular!,locutor3,0.644156005755786,0.8784224," han probado esa nueva heladería, es espectacular.",0.0
locutor6_audio_7345,locutor6_audio_7345_XTTS,Anoche soñé que estaba en una isla desierta rodeado de libros. Fue genial hasta que me desperté y me di cuenta de que los libros eran mi almohada.,locutor6,0.5650228541680622,0.8600173, A noche soñé que estaba en una isla de cierta rodeado de libros. Fue genial hasta que me desperté y me di cuenta de que los libros eran mi almohada.,0.14285714285714285
locutor6_audio_10209,locutor6_audio_10209_XTTS,"La creatividad es la chispa que enciende la llama de la innovación, permitiéndonos ver el mundo con nuevos ojos y transformar lo ordinario en algo extraordinario.",locutor6,0.6319803464026181,0.8576016," La creatividad es la chispa que enciende la llama de la innovación, permitiéndonos ver el mundo con nuevos ojos y transformarlo ordinario en algo extraordinario.",0.07692307692307693
locutor6_audio_10264,locutor6_audio_10264_XTTS,El café es mi ritual mañanero sagrado.,locutor6,0.6165336458428905,0.7834828, El café es mi ritual manianero sagrado.,0.14285714285714285
locutor6_audio_10267,locutor6_audio_10267_XTTS,"En la oficina, el sonido de teclados y teléfonos creaba una sinfonía moderna de productividad.",locutor6,0.5990925167198554,0.92622966," En la oficina el sonido de teclados y teléfonos, creaba una sinfonía moderna de productividad.",0.0
locutor6_audio_27707,locutor6_audio_27707_XTTS,"La verdadera innovación en inteligencia artificial vendrá cuando aprendamos a imitar no solo la inteligencia, sino también la sabiduría humana.",locutor6,0.6456389988779162,0.74538475, La verdadera innovación en inteligencia artificial vendrá cuando aprendamos a imitar no solo la inteligencia. Si no también la sabiduría humana.,0.1
locutor6_audio_19465_19466_19467,locutor6_audio_19465_19466_19467_XTTS,¿Alguien más tiene antojo de pizza?,locutor6,0.7002768801328416,0.8668369, ¿Alguien más tiene un tocho de pizza?,0.3333333333333333
locutor6_audio_1785_1786_1787,locutor6_audio_1785_1786_1787_XTTS,¿Has probado la comida local?,locutor6,0.6522981317600679,0.79428226, ¿Has probado la comida local?,0.0
locutor6_audio_25558,locutor6_audio_25558_XTTS,Amaneció con un cielo pintado de colores cálidos y susurros de la naturaleza.,locutor6,0.5569549261112318,0.77529925, ha manecido con un cielo pintado de colores cálidos y susurros de la naturaleza.,0.15384615384615385
locutor6_audio_21851_21852,locutor6_audio_21851_21852_XTTS,La simplicidad de un paseo por el parque puede ser revitalizante.,locutor6,0.64715372147972,0.8016235, la simplicidad de un paseo por el parque puede ser revitalizante.,0.0
locutor6_audio_20330_20331,locutor6_audio_20330_20331_XTTS,La amistad verdadera es un tesoro invaluable que ilumina los días oscuros y comparte las alegrías más brillantes.,locutor6,0.6653765317636927,0.86015856, La amistad verdadera es un tesoro invaluable que ilumina los días oscuros y comparte las alegrías más brillantes.,0.0
locutor6_audio_43770,locutor6_audio_43770_XTTS,Amaneció con un cielo pintado de colores cálidos y susurros de la naturaleza.,locutor6,0.6107501800378187,0.87403345, Amaneció con un cielo pintado de colores cálidos y sus urros de la naturaleza.,0.15384615384615385
locutor6_audio_25409,locutor6_audio_25409_XTTS,"La resiliencia es como un árbol que dobla sus ramas ante la tormenta pero permanece firme enraizado en la tierra, recordándonos nuestra propia fortaleza interior.",locutor6,0.6369458331819677,0.81197584," La resiliencia es como un árbol que doblas sus ramas ante la tormenta, pero permanece firme en raizado en la tierra, recordándonos nuestra propia fortaleza interior.",0.12
locutor6_audio_18756_18757,locutor6_audio_18756_18757_XTTS,"En el mirador de la ciudad, las luces destellaban como estrellas urbanas, cada destello contando una historia única en la vastedad nocturna.",locutor6,0.5936551830490567,0.904994," En el mirador de la ciudad, las luces destellaban como estrellas urbanas, cada destello contando una historia única, en la vastedad nocturna.",0.0
locutor6_audio_27953,locutor6_audio_27953_XTTS,La educación es el camino hacia el entendimiento y el progreso en la sociedad.,locutor6,0.5606282068257129,0.6450592, La educación es el camino hacia el entendimiento y el progreso en la sociedad.,0.0
locutor6_audio_19456_19457,locutor6_audio_19456_19457_XTTS,"Estar hasta las narices de algo es normal, pero hay que aguantarse.",locutor6,0.7010948908054463,0.8654112," Estar hasta las narices de algo es normal, pero hay que aguantarse.",0.0
locutor6_audio_30761,locutor6_audio_30761_XTTS,El rincón de la librería invitaba a sumergirse en mundos imaginarios y personajes inolvidables.,locutor6,0.5538854454565799,0.9173876, El rincón de la librería invitaba a sumergirse en mundos imaginarios y personajes inolvidables.,0.0
locutor6_audio_29712,locutor6_audio_29712_XTTS,"Solo cuando algo es espectacular, le doy un like y lo comparto, sino no merece la pena.",locutor6,0.68435319687729,0.8040428," Solo cuando algo es espectacular, le doy un like y lo comparto, sino no merece la pena.",0.0
locutor6_audio_18798,locutor6_audio_18798_XTTS,"Cuando nada es seguro, todo es posible.",locutor6,0.6661543265916171,0.8517773," Cuando nada es seguro, todo es posible.",0.0
locutor6_audio_33235,locutor6_audio_33235_XTTS,"Las páginas del libro antiguo crujían con cada vuelta, revelando una historia olvidada que aguardaba pacientemente su redescubrimiento.",locutor6,0.6510192477153375,0.85876966," las páginas del libro antiguo crujían con cada vuelta, revelando una historia olvidada que aguardaba pacientemente su redescubrimiento.",0.0
locutor6_audio_31771,locutor6_audio_31771_XTTS,"Caminaron juntos por el camino polvoriento, susurros de hojas susurrando secretos que solo el viento entendía.",locutor6,0.5831883571359676,0.89383715, caminaron juntos por el camino por el volvoreiento. Sus urros de hojas susurrando secretos que solo el viento entendía.,0.3125
