Audio ID,Original text,Duration,Speaker ID,Transcription,WER
locutor2_audio_364,Oyó su propio gemido.,1.5789569160997732,locutor2, o yo su propio gemido.,0.5
locutor2_audio_15215_15216,"Ella se hizo a un lado, tratando de no darle tiempo de ver la expresión de dolor que asomaba a sus ojos.",6.2693877551020405,locutor2," Ella se hizo a un lado, tratando de no darle tiempo de ver la expresión de dolor que asomaba a sus ojos.",0.0
locutor2_audio_29797,—Es una pena que no hayamos podido volver a vernos en circunstancias más favorables.,5.421859410430839,locutor2, Es una pena que no hayamos podido volver a vernos en circunstancias más favorables.,0.0
locutor2_audio_7682,Fue debidamente informada sobre la familia.,2.9257142857142857,locutor2, fue debidamente informada sobre la familia.,0.0
locutor2_audio_18383,Le pedirían a Miranda que fuera la madrina.,2.2407256235827666,locutor2, Le pedirían a Miranda que fuera la madrina.,0.0
locutor2_audio_69343_69344_69345_69346,"En los meses subsiguientes la nueva línea fue elaborada hasta que llegó a ser, en todos los aspectos, diametralmente opuesta a la antigua.",8.185034013605442,locutor2," En los meses subsiguientes, la nueva línea fue elaborada hasta que llegó a ser, en todos los aspectos, diametralmente opuesta al antigua.",0.08695652173913043
locutor2_audio_22842_22843,En muchas ocasiones hubo tiranteces entre el nuevo cirujano y la señora Porter.,5.015510204081632,locutor2, En muchas ocasiones hubo tiranteses entre el nuevo cirujano y la señora Porter.,0.07692307692307693
locutor2_audio_23189,"Piensa en Yósef, señorita Sáim, y en el afilado bisturí.",3.831292517006802,locutor2, piensa en Joseph señorita sign y en el afilado bisturí.,0.2
locutor2_audio_52122_52123,"El mercado de esclavos contaba con espacios públicos que eran conocidos en el Madrid del siglo dieciocho, pues estaban situados en los aledaños de la plaza Mayor.",10.80888888888889,locutor2," El mercado de esclavos contaba con espacios públicos que eran conocidos en el Madrid del siglo XVIII, pues estaban situados en los aled años de la Plaza Mayor.",0.1111111111111111
locutor2_audio_60436,Ya no jugarían ningún partido de tenis.,2.449705215419501,locutor2, ya no jugarían ningún partido de tennis.,0.14285714285714285
locutor2_audio_25186,"Incluso el director de The Lancet se negaba a usar la palabra «gérmenes», y en su lugar hablaba de «elementos sépticos presentes en el ambiente».",9.624671201814058,locutor2, incluso el director de Delanset se negaba a usar la palabra gérmenes. Y en su lugar hablaba de elementos scepticos presentes en el ambiente.,0.12
locutor2_audio_65434,Él y Yoána se acercaron para protegerse de las gotas de agua.,3.703582766439909,locutor2, El iyoana se acercaron para protegerse de las gotas de agua.,0.25
locutor2_audio_65074,"Usó sus pies como un escalador de palmeras caribeñas y, en menos de un minuto, rodeó la viga de madera con sus manos.",7.256235827664399,locutor2," Usó sus pies como un escalador de palmeras caribeñas, y en menos de un minuto rodeó la viga de madera con sus manos.",0.0
locutor2_audio_3231_3232,Pero me apetecía beber champán y no podía hacerlo si conducía.,3.517823129251701,locutor2, Pero me apetecía beber champán y no podía hacerlo si conducía.,0.0
locutor2_audio_29515_29516,"—Estamos en ello desde hace dos jornadas, pero aún no hemos acabado.",4.446621315192743,locutor2," Estamos en ello desde hace dos jornadas, pero aún no hemos acabado.",0.0
locutor2_audio_66149,—¿Y cuándo fue la última vez que visteis a Antonio?,2.6238548752834467,locutor2, y cuando fue la última vez que viste y santoño.,0.4
locutor2_audio_6861,—¿Has perdido la cabeza?,1.4280272108843537,locutor2, Has perdido la cabeza?,0.0
locutor2_audio_45010,—¿Cómo que quién la colocó?,1.509297052154195,locutor2, como que quien la colocó.,0.4
locutor2_audio_59302_59303,"—¿Podría estar en otro lugar, tal vez en el supermercado?",3.506213151927437,locutor2, ¿Podría estar en otro lugar? Tal vez en el supermercado.,0.0
locutor2_audio_8772_8773,"—Ráyan detuvo a un par de turistas, que accedieron alegremente a fotografiar a la joven pareja de norteamericanos.",6.849886621315193,locutor2, rayan de tubo a un par de turistas que accedieron alegremente a fotografiar a la joven pareja de norteamericanos.,0.16666666666666666
locutor1_audio_42328_42329,"Los apostadores obtienen el premio principal de vez en cuando, pero en intervalos que no pueden predecirse.",5.688888888888889,locutor1," Los apostadores obtienen el premio principal de vez en cuando, pero en intervalos que no pueden predecirse.",0.0
locutor1_audio_5807,Ya se ve cómo en aquella época el espíritu era divisible.,3.192743764172336,locutor1, Ya se ve como en aquella época el espíritu era divisible.,0.09090909090909091
locutor1_audio_9352,Quince a dieciseis.,1.5325170068027212,locutor1, Game Fair VFEC's.,1.3333333333333333
locutor1_audio_47636_47637,"Gritando y hundiéndola a pisotones, hasta dejarla convertida en una lámina de plástico de un par de centímetros de grosor.",6.989206349206349,locutor1," gritando y hundiendo la apisotones, hasta dejarla convertida en una lámina de plástico de un par de centímetros de grosor.",0.15
locutor1_audio_33442,Repasando en su mente qué es lo que tienen.,2.275555555555556,locutor1, repasando en su mente que es lo que tienen.,0.1111111111111111
locutor1_audio_36237_36238_36239_36240,"A estas alturas, ya te habrás dado cuenta de que un hábito atómico se refiere a un cambio pequeño, a una ganancia marginal, a un uno por ciento de mejora.",8.6378231292517,locutor1," A estas alturas ya te habrás dado cuenta de que un habituatómico se refiere a un cambio pequeño, a una grancia marginal, a un 1% de mejora.",0.2
locutor1_audio_25082,"Sin duda alguna, Dersú había errado el tiro.",3.1230839002267574,locutor1, sin duda alguna de su había errado el tiro.,0.25
locutor1_audio_36945,El anhelo consiste en desear obtener la recompensa.,2.90249433106576,locutor1, El anilo consiste en desear obtener la recompensa.,0.125
locutor1_audio_37754_37755,Una manera de encontrar el detonante apropiado para tu cadena de hábitos consiste en realizar una lluvia de ideas para hacer una lista de tus hábitos actuales.,8.126984126984127,locutor1, Una manera de encontrar el detonante apropiado para tu cadena de hábitos consiste el realizar una lluvia de ideas para hacer una lista de tus hábitos actuales.,0.037037037037037035
locutor1_audio_17238_17239_17240_17241,"Con la lección aprendida, comprendí que aquello era un sendero para tramperos y, temiendo que no me iba a llevar hacia ningún lugar alejado, la abandoné y me adentré por las tierras vírgenes, por donde vagué largo tiempo por los barrancos pero sin encontrar nada.",14.257052154195012,locutor1," Con la lección aprendida comprendí que aquello era un sendero para tramperos y temiendo que no me iba a llevar hacia ningún lugar alejado, la abandoné y me adentré por las tierras virgenes, por donde vague el largo tiempo por los barrancos pero sin encontrar nada.",0.06666666666666667
locutor1_audio_36838,Yo no quiero encasillarme en un estilo de vida que no disfruto.,3.13469387755102,locutor1, Yo no quiero encasillarme en un estilo de vida que no disfruto.,0.0
locutor1_audio_40372,Hay muchas formas de crear mecanismos de compromiso.,2.8560544217687074,locutor1, Hay muchas formas de crear mecanismos de compromiso.,0.0
locutor1_audio_33030,Es un sitio extraño para colocar una alfombra.,2.879274376417233,locutor1, Es un sitio extraño para colocar una alfombra.,0.0
locutor1_audio_29241,"Había acudido a su lado enseguida, como era su deber.",3.1811337868480725,locutor1, había acudido a su lado en seguida como era su deber.,0.2
locutor1_audio_45678_45679,"Ni una sola nube en el cielo, ni un atisbo de calor.",3.1579138321995464,locutor1," Ni una sola nube en el cielo, ni un atisbo de calor.",0.0
locutor1_audio_48613,Pero menos interesante.,1.3467573696145123,locutor1, pero menos interesante.,0.0
locutor1_audio_49706,Haciéndoles cruzarse en el aire.,1.9736961451247168,locutor1, Haciéndoles cruzarse en el aire.,0.0
locutor1_audio_1375,"Recuerden: dos judíos, tres opiniones.",2.8908843537414968,locutor1," Recuerden dos judíos, tres opiniones.",0.0
locutor1_audio_33080,"Antonia parpadea, extrañada.",1.9040362811791385,locutor1," Antonia Parpadea, ekstrańada.",0.3333333333333333
locutor1_audio_24044,Permanecimos una jornada en aquel sitio.,2.2987755102040817,locutor1, Permanecimos una jornada en aquel sitio.,0.0
locutor4_audio_32765, Oteaba con prismáticos su campo de tiro.,2.345215419501134,locutor4, O teaba con prismático su campo de tiro.,0.42857142857142855
locutor4_audio_59494, Y tengo que lidiar con muchas cosas además de Vicky.,3.1695238095238096,locutor4, Y tengo que lidiar con muchas cosas además de Vicky.,0.0
locutor4_audio_38051," —Mucho gusto, me alegro de conocerla.",1.98530612244898,locutor4," Mucho gusto, me alegro de conocerla.",0.0
locutor4_audio_67254, Mati abrió los ojos apenas una rendija y solo pudo asentir con la cabeza.,5.3986394557823125,locutor4, Mati abrió los ojos apenas una rendija y sólo pudo asentir con la cabeza.,0.07142857142857142
locutor4_audio_39210, —Pero lleva semanas sin venir por aquí.,1.880816326530612,locutor4, Pero lleva semana sin venir por aquí.,0.14285714285714285
locutor4_audio_55121, —Te he perdonado —le aseguré acariciándole la barbilla—.,4.040272108843538,locutor4," Te he perdonado, le asegure a cariciándole la barbilla.",0.375
locutor4_audio_56236, —Tú nunca confiaste en mí.,1.7414965986394555,locutor4, Tú nunca confiaste en mí.,0.0
locutor4_audio_67617," Carmen vio el iris de sus ojos y una pequeña cicatriz en el labio inferior, fue uno de esos momentos que parecen contener toda la vida…",8.103764172335602,locutor4, Carmen vio el iris de sus ojos y una pequeña cicatriz en el labio inferior. Fue uno de esos momentos que parecen contener toda la vida.,0.0
locutor4_audio_70617, En el chaflán de Gran Vía con Muntaner la furgoneta se detuvo.,4.237641723356009,locutor4," En el chaflan de Gran Bía con Montaner, la furgoneta se detuvo.",0.25
locutor4_audio_65875_65876, Margaret Mead cuenta que en Borneo…,3.030204081632653,locutor4, Margarit Mith cuenta que es en Borneo.,0.5
locutor4_audio_28676, Juzgar la apariencia sin conocer el alma es la injusticia de la ignorancia.,4.098321995464852,locutor4, Judgar la apariencia sin conocer el alma es la injusticia de la ignorancia.,0.07692307692307693
locutor4_audio_32740_32741, —Estamos felices con este paisaje tan espectacular —dijeron casi al unísono las invitadas.,5.537959183673469,locutor4," Estamos felices con este paisaje tan espectacular, dijeron casi al unísono las invitadas.",0.0
locutor4_audio_72447, Silvia a todo decía que sí y daba las gracias.,3.633922902494331,locutor4," Silvia, a todo decía que sí, y daba las gracias.",0.0
locutor4_audio_57986, Deja la copa sobre la mesa y yo observo el agua ondear.,3.5874829931972787,locutor4, Deja la copa sobre la mesa y yo observo el agua donde har.,0.16666666666666666
locutor4_audio_79807," Por educación, por formalidad o cautela, no dejaba traslucir lo que deseaba.",5.189659863945578,locutor4," por educación, por formalidad o cautela, no dejaba traslucir lo que deseaba.",0.0
locutor4_audio_27800_27801," Si quieres, podemos llevarte —dijo la madre de los niños, dispuesta a socorrer a aquella chiquilla.",5.108390022675737,locutor4," Si quieres, podemos llevarte. Dijo la madre de los niños dispuesta a su carrera aquella chiquilla.",0.125
locutor4_audio_64111, Como todo él es.,1.6486167800453515,locutor4, como todo él es.,0.0
locutor4_audio_78962, De vez en cuando me saca de algún apuro tecnológico.,3.332063492063492,locutor4, De vez en cuando me saca de alguna puro tecnológico.,0.2
locutor4_audio_76139_76140," Habrá otra en la que nadie asocie esa silla y ese balcón a mi presencia, y esta casa a la vida que nosotros tenemos en ella.",8.289523809523809,locutor4," Habrá otra en la que nadie asocia esa silla y ese balcón a mi presencia, y esta casa a la vida que nosotros tenemos en ella.",0.038461538461538464
locutor4_audio_30485, Victoria volvió a utilizar la mímica para preguntar por la iglesia.,4.214421768707483,locutor4, Victoria volvió a utilizar la mímica para preguntar por la iglesia.,0.0
locutor5_audio_119207,¿Por qué no lo terminó?,1.18421768707483,locutor5, ¿Por qué no lo terminó?,0.0
locutor5_audio_99936_99937,"Por eso, que la hubiera dejado escapar era aún más imperdonable.",3.633922902494331,locutor5, Por eso que la hubiera dejado escapar era un más imperdonable.,0.09090909090909091
locutor5_audio_12839,cuartos de Champions.,1.4628571428571429,locutor5, cuartos de Champions.,0.0
locutor5_audio_53984,—El pensamiento fue un gruñido furioso—.,2.1710657596371883,locutor5, El pensamiento fue un grunido furioso.,0.16666666666666666
locutor5_audio_43643_43644_43645,"Envuelto en el Poder como estaba, la cólera se extendía como una telaraña alrededor del vacío, un fino encaje, pero ardiente—.",7.767074829931973,locutor5," Envuelto en el poder como estaba, la cólera se extendía como una telaraña alrededor del vacío. Un fino encaje, pero ardiente.",0.0
locutor5_audio_34451,No faltaban a la misa del primer día personas de los pueblos de alrededor.,4.017052154195011,locutor5, no faltaban a la misa del primer día personas de los pueblos de alrededor.,0.0
locutor5_audio_51836,Al alzar una mano hacia la frente se preguntó por qué le temblaba.,3.5874829931972787,locutor5," Al alzar una mano hacia la frente, se preguntó por qué le temblaba.",0.0
locutor5_audio_72303,¿O has aprendido por ti mismo?,1.474467120181406,locutor5, o has aprendido por tu mismo.,0.16666666666666666
locutor5_audio_90154,Todo esto me aburre.,1.0448979591836736,locutor5, Todo esto me aburre.,0.0
locutor5_audio_88992_88993_88994,"—Lamb sonrió, consiguiendo que su sonrisa resultase más siniestra que sus gruñidos a causa de sus ojos húmedos y amoratados—.",7.720634920634921,locutor5," Lamson Río, consiguiendo que sus sonrisa resultase más siniestra que sus gruñidos, a causa de sus ojos húmedos y amoratados.",0.15
locutor5_audio_15553,Vaya si le sirvió.,1.3815873015873017,locutor5, Vaya si les sirvió.,0.25
locutor5_audio_57868,¿Cuánto tiempo más te propones seguir con esta farsa?,2.681904761904762,locutor5, ¿Cuánto tiempo más te propone seguir con esta farsa?,0.1111111111111111
locutor5_audio_121895,"¿No te habrás hecho de alguna secta, testigo de Jehová o qué sé yo?",3.239183673469388,locutor5," No te habrás hecho de alguna secta, testigo de Geovao o qué sé yo.",0.07142857142857142
locutor5_audio_120467,—Pues es una mansión muy interesante.,1.811156462585034,locutor5, Pues es una mansión muy interesante.,0.0
locutor5_audio_18826,¿Te gusta saber que prácticamente puedes dominar físicamente a cualquier hombre con el que te cruces?,5.131609977324263,locutor5, ¿Te gusta saber que prácticamente puedes dominar físicamente a cualquier hombre con el que te cruces?,0.0
locutor5_audio_28927,"Si no la compramos, los terroristas la compran y emplean los pingües beneficios del tráfico de drogas para atacarnos.",6.1184580498866215,locutor5," Si no la compramos, los terroristas la compran y emplean los pincües beneficios del tráfico de drogas para atacarnos.",0.05263157894736842
locutor5_audio_97785_97786_97787_97788,"Como si su estructura y organización empresarial siguiesen asumiendo los costes de sus investigaciones, los encargos de cemento a Inglaterra «para probar», las construcciones que se derribaban para volverlas a construir de otra manera, todo lo que su entusiasmo y curiosidad generaban.",15.754739229024944,locutor5," como si su estructura y organización empresarial siguen asumiendo los costes de sus investigaciones, los encargos de cemento a Inglaterra para probar, las construcciones que se derribaban para volverlas a construir de otra manera, todo lo que su entusias muy curiosidad generaban.",0.07142857142857142
locutor5_audio_82537,Pues que lo hecho no se puede deshacer.,2.345215419501134,locutor5, Pues que lo he hecho no se puede deshacer.,0.125
locutor5_audio_3794,"Sobre su relación de amistad con Ferreras, pues yo qué sé.",2.7399546485260773,locutor5," sobre su relación de amistad con ferreras, pues yo que sé.",0.09090909090909091
locutor5_audio_90518_90519,"Si su frente perlada de sudor acusaba el esfuerzo que hacía, su rostro, en cambio, apenas enarcaba una ceja, como si resolviese una suma que se le resistía.",9.1718820861678,locutor5," Si su frente parlada de sudor acusaba el esfuerzo que hacía, su rostro en cambio apenas se narcaba una ceja, como si resolviese una suma que se la resistía.",0.14285714285714285
locutor3_audio_14429,"Dos etapas de altísima montaña, dos pruebas de fuego para ver quién es quién en esta carrera.",7.74,locutor3," Dos etapas de altísima montaña, dos pruebas de fuego para ver quién es quién en esta carrera.",0.0
locutor3_audio_7202,Pero solucionar el problema es menos importante que comprenderlo mediante la escucha empática.,6.12,locutor3, Pero solucionar el problema es menos importante que comprenderlo mediante la escucha empática.,0.0
locutor3_audio_7251,Responsabilidad.,1.62,locutor3, responsabilidad.,0.0
locutor3_audio_10745,"Pero, por encima de todo, la política monetaria y los estímulos del gobierno no garantizan las pensiones, que se recortaron de nuevo en dosmildiecisiete-dosmildieciocho debido a la insostenibilidad del sistema.",11.740045351473922,locutor3," Pero por encima de todo, la política monetaria y los estímulos del gobierno no garantizan las pensiones, que se recortaron de nuevo en 2017-2018 debido a la insostenibilidad del sistema.",0.03333333333333333
locutor3_audio_6538,Normalmente solo la familia o los amigos hacen ese tipo de cosas…,4.600045351473923,locutor3," Normalmente, solo la familia o los amigos hacen ese tipo de cosas.",0.0
locutor3_audio_11229,"Como dice siempre Kirk McCulloch (nota 207: nota 207, consejero delegado de He Chai. Fin de nota 207): hay una diferencia entre un unicornio y una burbuja.",14.420181405895692,locutor3," Como dice siempre Kid MacKulloch, nota 207, nota 207, consejero delegado de Heel Chai, fin de nota 207. Hay una diferencia entre un unicornio y una burbuja.",0.1111111111111111
locutor3_audio_996,No soporto el calor.,1.880181405895692,locutor3, No soporto el calor.,0.0
locutor3_audio_17280,"Realmente se estaba viviendo un momento de desarrollo económico, basado en la plena incorporación de España a las estructuras capitalistas occidentales tras la llegada de la democracia y (de forma no desdeñable) la renovación de infraestructuras de carácter público que se encontraban desfasadas con respecto a las de los países del entorno.",21.90018140589569,locutor3," Realmente, se estaba viviendo un momento de desarrollo económico, basado en la plena incorporación de España a las estructuras capitalistas occidentales, tras la llegada de la democracia y, de forma no desdeñable, la renovación de infraestructuras de carácter público que se encontraban desfasadas con respecto a las de los países del entorno.",0.0
locutor3_audio_16991,,9.44,locutor3," Hasta su compañero Indurain, el grandote que ya venció en Kotred, quedaba por delante de él en meta, igual que un lejarreta que parecía ir a más.",
locutor3_audio_4268,"Esta prueba deja fuera de toda duda el hecho de que las dos manos del paciente son dirigidas, por así decirlo, por dos cerebros distintos, uno de los cuales (el hemisferio derecho, con la mano izquierda por él inervada) domina con facilidad la concepción y reproducción de un conjunto, mientras que la mano derecha fracasa en el empeño.",21.40018140589569,locutor3," 4. Esta prueba deja fuera de toda duda el hecho de que las dos manos del paciente son dirigidas, por así decirlo, por dos cerebros distintos, uno de los cuales, el hemisferio derecho, con la mano izquierda por el innervada, domina con facilidad la concepción y reproducción de un conjunto, mientras que la mano derecha fracasa en el empeño.",0.05172413793103448
locutor3_audio_9253,"Así pues, veamos unos pocos objetivos básicos: ¿Cómo va a influir en los miembros de su equipo para que se sumen a las asambleas?",8.820226757369614,locutor3," Así pues, veamos unos pocos objetivos básicos. ¿Cómo va a influir en los miembros de su equipo para que se sumen a las asambleas?",0.0
locutor3_audio_8704,"Pero, si practicas mucho, se convierte en un hábito.",3.44,locutor3," Pero si prácticas mucho, se convierte en un hábito.",0.1111111111111111
locutor3_audio_14452,"En aquel entonces, distintos equipos colombianos, siempre amateurs, comienzan a aparecer en carreras como el Tour del Porvenir o la Dauphiné Libéré.",10.780045351473923,locutor3," En aquel entonces, distintos equipos colombianos, siempre a mater. Comienzan a aparecer en carreras como el Tour del Porvenir, Oladofín, Líbegué.",0.2727272727272727
locutor3_audio_3541,He visto a demasiados ricos sufrir por la angustia que les produce la incertidumbre.,6.46,locutor3," He visto, además, y a los ricos, sufrir por la angustia que les produce la incertidumbre.",0.21428571428571427
locutor3_audio_15992,"Una prueba vibrante, rodeada de una afición que llena cada día las carreteras españolas apoyando a los ciclistas.",8.34,locutor3," Una prueba vibrante, rodeada de una afición que llena cada día las carreteras españolas apoyando a los ciclistas.",0.0
locutor3_audio_17858,La Vuelta a España de milnovecientosnoventaycuatro iba a ser la última grande para Perico Delgado.,6.840045351473923,locutor3, La vuelta España de 1994 iba a ser la última grande para perico delgado.,0.13333333333333333
locutor3_audio_1503,Las chicas son muy maniáticas con la limpieza.,3.2401814058956915,locutor3, Las chicas son muy maniáticas con la limpieza.,0.0
locutor3_audio_9821,No soporto el calor.,1.5,locutor3, Buen EVA you,1.0
locutor3_audio_5234,"Los portadores de esta información serían, al principio, las terminaciones de estos gritos, las sílabas finales o sufijos. Por ejemplo, 'waí' podría indicar que había un tigre cerca y 'waú' que el tigre estaba más lejos.",15.220226757369614,locutor3," Los portadores de esta información serían al principio las terminaciones de estos gritos, las sílabas finales o sufijos. Por ejemplo, guay podría indicar que había un tigre cerca, y guayú, que el tigre estaba más lejos.",0.05555555555555555
locutor3_audio_3877,Esa es la diferencia entre un líder y un simple mandatario.,5.26,locutor3, Esa es la diferencia entre un líder y un simple mandatario.,0.0
locutor3_audio_5247,"Ahora bien, en los dos casos esta descripción depende, y es secundaria respecto, del precedente cumplimiento a un grupo de indicaciones. Referencia bibliográfica quince, página setenta y ocho.",12.480226757369614,locutor3," Ahora bien, en los dos casos, esta descripción depende, y es secundaria respecto del precedente cumplimiento a un grupo de indicaciones. Referencia bibliográfica a 15, página 78.",0.17857142857142858
locutor3_audio_14894,Una de esas que tendrían que recordarse años después como el ataque que había valido nada menos que un Tour de Francia…,8.14,locutor3," Una de esas que tendrían que recordarse años después, como el ataque que había valido nada menos que un tour de Francia.",0.0
locutor3_audio_8956,El empleado que nos atendió estaba visiblemente avergonzado por la irracionalidad de las tarifas.,6.440045351473923,locutor3, El empleado que nos atendió estaba visiblemente avergonzado por la irracionalidad de las tarifas.,0.0
locutor3_audio_7375,"Las opciones de menú tal vez sean muy útiles para la empresa a la hora de desviar las llamadas, pero a los clientes los vuelven locos.",8.860045351473923,locutor3," Las opciones de menú, tal vez sean muy útiles para la empresa a la hora de desviar las llamadas, pero a los clientes los vuelven locos.",0.0
locutor3_audio_15519,Ciertos rumores.,1.94,locutor3, Fierto rumores.,0.5
locutor3_audio_8167,Se les ocurre qué hacer por los clientes y por sus compañeros de trabajo.,4.360045351473923,locutor3, Se les ocurre y qué hacer por los clientes y por sus compañeros de trabajo.,0.07142857142857142
locutor3_audio_12232,"La trampa del banco central y la cobertura de riesgo. Al final de este libro, lo que intentaré mostrar es que tanto si el lector es un inversor exporádico o uno profesional, tenemos que acostumbrarnos a la idea de que creer que los bancos centrales estarán ahí para proteger a los ahorradores del riesgo no funciona. Puede que la política monetaria haya logrado ocultar la percepción de riesgo, pero ha enmascarado su acumuación, por lo que la volatilidad aumentará. Por definición, no tiene sentido encontrar refugio del riesgo sistémico invirtiendo en los mismos activos que están acumulando dicho riesgo sistémico. No lo olvides, las crisis financieras siempre tienen lugar debido a la acumulación de riesgo en activos que la opinión dominante consideraba que tenían poco o nada de riesgo.",50.64027210884354,locutor3," La trampa del Banco Central y la cobertura de riesgo. Al final de este libro, lo que intentaremos traer es que tanto si el lector es un inversor esporádico o uno profesional, tenemos que acostumbrarnos a la idea de que. Creer que los bancos centrales estarán ahí para proteger a los ahorradores del riesgo no funciona. Puede que la política monetaria haya logrado ocultar la percepción de riesgo, pero hay mascarado su acumulación, por lo que la volatilidad aumentará. Por definición no tiene sentido encontrar refugio del riesgo sistémico, inverniendo en los mismos activos que están acumulando dicho riesgo sistémico. No lo olvides. Las crisis financieras siempre tienen lugar debido a la acumulación de riesgo en activos que la opinión dominante consideraba que tenían poco nada de riesgo.",0.06201550387596899
locutor3_audio_8358,Las personas generosas crean oportunidades para que los demás coman toda la tarta que quieran.,6.260045351473923,locutor3, Las personas generosas crean oportunidades para que los demás coman toda la tarta que quieran.,0.0
locutor3_audio_9343,"La idea de que una inflación «moderada» es buena, es similar a la de pensar que tener un poco de fiebre es beneficioso.",7.2601814058956915,locutor3, La idea de que una inflación moderada es buena es similar a la de pensar que tener un poco de fiebre es beneficioso.,0.0
locutor3_audio_2860,cuarentayseis ME CUESTA MUCHO TOMAR DECISIONES Me cuesta un montón tomar decisiones.,8.420408163265305,locutor3, 46. Me cuesta mucho tomar decisiones. Me cuesta un montón tomar decisiones.,0.08333333333333333
locutor3_audio_10945,"Por otro lado, el problema de Grecia tampoco es un problema de solidaridad.",4.760045351473923,locutor3," Por otro lado, el problema de Grecia tampoco es un problema de solidaridad.",0.0
locutor3_audio_15142,"La organización, buscando el rendimiento publicitario que los duelos directos entre el trentino y el piamontés pudieran dar, comienza a programar recorridos favorables para sus estrellas.",12.140045351473924,locutor3," La organización, buscando el rendimiento publicitario que los duelos directos entre el trentino y el píamontés pudieran dar, comienza a programar recorridos favorables para sus estrellas.",0.038461538461538464
locutor3_audio_9728,Buena idea.,22.540090702947847,locutor3," Si analizamos la crisis de la euro zona, como explicaba antes, nunca existió un problema del liquidez, sino todo lo contrario. El BCE disponía de un exceso del liquidez de 120.000 millones de euros cuando se puso en marcha al programa de expansión cuantitativa, y España y otros países perifericos ya estaban recuperándose y creciendo por encima de la media de la Unión Europea.",32.0
locutor3_audio_14218,"El diecisiete de marzo de milnovecientosochentaysiete, cuarenta años desde que empezara en aquella aventura, Lévitan es convocado a la sede de la Société du Tour de France, en el histórico número diez del Faubourg Montmartre donde él mismo tiene su espacio de trabajo.",18.74009070294785,locutor3," El 17 de marzo de 1987, 40 años desde que empezara en aquella aventura, le bitan es convocado a la sede de la Societe y Dutu Dof Hans, en el histórico número 10 del Fabur Monmachto, donde él mismo tiene su espacio de trabajo.",0.3023255813953488
locutor3_audio_16810,"Un lugar señero, de esos que marcan de forma indeleble a quienes fundamentan allí sus mitos.",6.54,locutor3," Un lugar senero, de esos que marcan de forma indeleble a quienes fundamentan allí sus mitos.",0.0625
locutor3_audio_4592,"Como ya se ha dicho, su estructura es destacadamente primitiva",3.9,locutor3," Como ya se ha dicho, su estructura es destacadamente primitiva.",0.0
locutor3_audio_12109,"¿Puedes llegar a imaginar qué hubiera pasado en los mercados con la deuda china y una parada en seco, todo ello añadido a las crisis bancarias que hemos sufrido en la Unión Europea?",10.040045351473925,locutor3, ¿Puedes llegar a imaginar qué hubiera pasado en los mercados con la deuda china y una parada en seco? ¿Todo ello ha añadido a las crisis bancarias que hemos sufrido en la Unión Europea?,0.030303030303030304
locutor6_audio_7345," Por supuesto, el asunto no terminó ahí.",2.136235827664399,locutor6, Por supuesto el asunto no terminó ahí.,0.0
locutor6_audio_10209, Conoció a Mauricio y pronto se hicieron inseparables.,3.529433106575964,locutor6, Conocido a Mauricio y pronto se hicieron inseparables.,0.125
locutor6_audio_10264, —El anterior distribuidor.,1.6021768707482993,locutor6, El anterior distribuidor.,0.0
locutor6_audio_10267, Creo que se enteró de que seguíamos en la brecha por nuestra cuenta y decidió cortar por lo sano.,5.433469387755102,locutor6, creó que se enteró de que seguíamos en la brecha por nuestra cuenta y decidió cortar por los anos.,0.15789473684210525
locutor6_audio_27707, Miranda caminaba hacia nosotros.,2.3103854875283445,locutor6, Miranda caminaba hacia nosotros.,0.0
locutor6_audio_19465_19466_19467," Sin presentar temor en su conducta, lo abraza con firmeza entre sus brazos y lo baja desde el éter hasta el suelo, en tanto que la jovencita se curva hacia atrás en una postura rígida e imposible que vulnera todas las reglas físicas que conocemos sobre los cuerpos humanos.",17.403356009070293,locutor6," sin presentarte, moren su conducta, lo abrazas a confirmesa entre sus brazos, y lo baja desde el étero hasta el suelo, en tanto que la jovencita se curva hacia atrás, en una postura rígida e imposible que vulnera todas las reglas físicas que conocemos sobre los cuerpos humanos.",0.14285714285714285
locutor6_audio_1785_1786_1787," Mi debate interno es tremendo, cruel y dañino y es fácil de comprender.",5.526349206349207,locutor6," Me debate interno, extremendo, crué el idanino y es fácil de comprender.",0.46153846153846156
locutor6_audio_25558, —¿Amanda no está en casa?,1.869206349206349,locutor6, Amanda no está en casa?,0.0
locutor6_audio_21851_21852," Te recuerdo, desagradable y desagradecida chiquilla, que fui yo quien, jugándose la vida, te rescató de aquella asquerosa mazmorra en el taller de Zenón —le echo en cara escupiendo las palabras con todo mi desprecio—.",14.489251700680272,locutor6," que recuerdo desagradable y desagradecida chiquilla, que fue yo quien jugándose la vida, rescató de aquella asquerosa madmora en el taller de Cenón. Le he hecho en cara, escupiendo las palabras con todo mi desprecio.",0.2
locutor6_audio_20330_20331," Como se acuerda de mi hermano de anteriores ocasiones tabernarias, le mira de manera extraña al relacionarlo con la Unidad del crimen.",8.962902494331066,locutor6, ¿Cómo se acuerda de mi hermano de anteriores ocasiones tabernarias? Le mira de manera extraña a relacionarlo con la unidad del crimen.,0.09090909090909091
locutor6_audio_43770, —pregunto con el ceño fruncido después de hacer un gran esfuerzo para reponerme y centrarme.,5.479909297052155,locutor6," Pregunto, con el senyor Fruncido, después de hacer un gran esfuerzo para reponerme y centrarme.",0.06666666666666667
locutor6_audio_25409," Mathilda era otra posibilidad, especulé.",3.239183673469388,locutor6, Matilda era otra posibilidad de especulé.,0.4
locutor6_audio_18756_18757," Hacemos aspavientos violentos para impedir que se posen sobre los restos y alejar a las repelentes voladoras que no tienen problema alguno en descansar sobre los cadáveres, la mierda o lo que sea.",12.550385487528343,locutor6," Hacemos aspavientos violentos para impedir que se poseen sobre los restos y alejar a las repelentes voladoras que no tienen problema alguno en descansar sobre los cadáveres, la mierda o lo que sea.",0.030303030303030304
locutor6_audio_27953, —le ofrecí.,1.0913378684807256,locutor6, Le offertili.,0.5
locutor6_audio_19456_19457," Eudoxia está en un rincón del cuartito, tan pálida como una muerta, tiesa como un palo, con el cabello erizado y con los pies separados del suelo unos centímetros.",10.913378684807256,locutor6," Eudóxia estaba en un rincón del quartito, tan pálida como una muerta, tiesa como un palo, con el cabello herizado y con los pies separados del suelo unos centímetros.",0.13793103448275862
locutor6_audio_30761," Y cuando salió en la tele, ya fue tarde para todo.",4.272471655328798,locutor6," y cuando salió en la tele, yo fue tarde para todo.",0.09090909090909091
locutor6_audio_29712, No un estornudo.,1.555736961451247,locutor6," No, un estornudo.",0.0
locutor6_audio_18798, Ese arado está completo y cuenta con su reja metálica para arar y sus brazos más finos de madera para conducirlo.,7.697414965986394,locutor6, ese arado está completo y cuenta con su reja metálica para arar y sus brazos más finos de madera para conducirlo.,0.0
locutor6_audio_33235," En algunas cosas, me recuerda a Saulo.",2.5193650793650795,locutor6, En algunas cosas me recuerda a Saulo.,0.0
locutor6_audio_31771, Eso de empezar a conocerse es empezar a mentir.,3.355283446712018,locutor6, eso de empezar a conocerse es empezar a mentir.,0.0
